Comments,Score
Pages freeze and crash constantly,1
Waited three days for a callback,5
Takes over a minute to start up,1
The colors are really nice now,2
Subscription costs more than we budgeted,1
Much easier to find things,1
Loading takes forever on my phone,5
Constant crashing since the update,4
The helpdesk closed my case without fixing it,1
Nobody replied to my email for a week,4
Clear and simple navigation,4
Beautiful clean interface,4
Too expensive for what it does,3
It lags every time I open a report,3
"Great layout, easy on the eyes",4
The price went up again this year,2
Customer service was rude and slow,4
Love the new dashboard design,4
Support never answered my ticket,1
Hard to justify the cost for a small team,3
Could not reach a human anywhere,4
Cheaper alternatives offer the same features,5
Please add a lower priced tier,1
The app is too slow to load,2
